,_id,name,email,phone,whatsappNumber,address,city,state,pincode,googleId,profilePicture,enrolledCourses,isActive,referralCode,walletBalance,referralsCompleted,assignedCouponCode,role,certificates,createdAt,updatedAt,fullName,collegeName,courseDegree,year,profileCompleted,paymentStatus,enrolledCourseId,totalReferralEarnings,totalReferrals,course_name
0,6a131f52e2e3e70704e056ee,Mohammedhafeez Sharfudeen,immohammedhafeez@gmail.com,9361733078,9361733078,Srmist,Bsc,1,,107745787455949870001,https://lh3.googleusercontent.com/a/ACg8ocLRRvyEi3DmkMQ-WQ4mvc7YQeA5gJLWh2szf_XHh_z7nONoAg=s96-c,"[{'_id': '69e26eba112979dc0cb1b1a9', 'courseName': 'Machine Learning Basics'}]",True,MOHAMIR7R,0,0,,user,[],2026-05-24T15:54:58.913Z,2026-05-24T16:11:03.170Z,,,,,,,,,,Machine Learning Basics
11,6a0f0aff2c28c3214e92db08,Sooriyaprakash .J,ssooriya242@gmail.com,6379010090,6379010090,SRM INSTITUTE OF SCIENCE AND TECHNOLOGY (Ramapuram) ,Bsc. AI&ML,1,,112337337954502123375,https://lh3.googleusercontent.com/a/ACg8ocJYHzFB-stTcnsttzoaoEY1JdTw4pC6booBvXcZte-vSEubu1vv=s96-c,"[{'_id': '69e26eba112979dc0cb1b1a9', 'courseName': 'Machine Learning Basics'}]",True,SOORIP3F4,0,0,9602afa2-2e0b-4efb-8773-63a490c6a670,user,[],2026-05-21T13:39:11.712Z,2026-05-24T14:48:37.273Z,,,,,,,,,,Machine Learning Basics
13,6a0d55e62c28c3214e92d9cb,Monish Editzz,monisheditzz@gmail.com,9080857511,9080857511,"Srmist, Ramapuram-89",Bsc Aiml,1,,114538484649354649189,https://lh3.googleusercontent.com/a/ACg8ocI0lIND0d55ha-wnGvT7xsmqaI098cHl2zHMQ2-pMbzTE5aQg=s96-c,"[{'_id': '69e26eba112979dc0cb1b1a9', 'courseName': 'Machine Learning Basics'}]",True,MONISTEBE,0,0,b5466988-cb18-4523-b1d8-1e606148421e,user,[],2026-05-20T06:34:14.254Z,2026-05-24T14:48:37.253Z,,,,,,,,,,Machine Learning Basics
18,6a0c880f2c28c3214e92d940,Guru Vignesh,ixh.guruvignesh@gmail.com,7550109652,7550109652,SRM Ramapuram ,Bsc.Aiml,1,,100662510217770483333,https://lh3.googleusercontent.com/a/ACg8ocLDgRHu0ediWsmrMDA7x2f-YADoQescUWR1Bcjqnj9rXn2qXQ=s96-c,"[{'_id': '69e26eba112979dc0cb1b1a9', 'courseName': 'Machine Learning Basics'}]",True,GURUV4J3I,0,0,df88565c-fc0c-4c5e-9f3d-a328bda90b2d,user,[],2026-05-19T15:55:59.977Z,2026-05-24T14:48:37.213Z,,,,,,,,,,Machine Learning Basics
19,6a0c5ed42c28c3214e92d8a4,ANANTHA MADHAV,ap7madhav@gmail.com,9344862415,9344862415,SRMIST RAMAPURAM ,BSC,1,,105123744647119016746,https://lh3.googleusercontent.com/a/ACg8ocKEljThJBR8s0DpFMgxVzsfvH2vDm9_UFfHKAjMcdnbsry4e7wT=s96-c,"[{'_id': '69e26eba112979dc0cb1b1a9', 'courseName': 'Machine Learning Basics'}]",True,ANANTHQGD,0,0,74edfd8c-f3b0-4470-a985-2319f534cedb,user,[],2026-05-19T13:00:04.200Z,2026-05-24T14:48:37.192Z,,,,,,,,,,Machine Learning Basics
20,6a0c06ed2c28c3214e92d7e5,Mohamed Kamaal,abdullahfyha@gmail.com,8122755783,8122755783,SRM institute of science and technology ,B.sc AIML,1,,117062396219065419218,https://lh3.googleusercontent.com/a/ACg8ocL1QfuqeXQGGFlalJaKKNBg3iLDbf0OHHDM1kHwDIRdNn63Gw=s96-c,"[{'_id': '69e26eba112979dc0cb1b1a9', 'courseName': 'Machine Learning Basics'}]",True,MOHAMKDQW,0,0,af8c902a-22c6-46cd-ba9f-87ccd8654cf2,user,[],2026-05-19T06:45:01.397Z,2026-05-24T14:48:37.171Z,,,,,,,,,,Machine Learning Basics
21,6a0bd6f02c28c3214e92d746,Karthi Keyan,karthikeyan2007muruga@gmail.com,9345640428,9345640428,SRM,Bsc aiml,1,,112820099498312195017,https://lh3.googleusercontent.com/a/ACg8ocI4OpFy6gJmY0vYtNXBbYD7xd5ASZYUvx-ZifL2zxuTT6EuriNz=s96-c,"[{'_id': '69e26eba112979dc0cb1b1a9', 'courseName': 'Machine Learning Basics'}]",True,KARTHYBI5,0,0,e76b9262-1284-4282-b137-f867f8070f63,user,[],2026-05-19T03:20:16.804Z,2026-05-24T14:48:37.151Z,,,,,,,,,,Machine Learning Basics
23,6a0b1c642c28c3214e92d64a,SUBHAM CHAUHAN,chauhansubham346@gmail.com,9884871071,9884871071,srm ramapuram ,bsc aiml ,1,,103343060825130898874,https://lh3.googleusercontent.com/a/ACg8ocL3b0wkyrlu2G7nqM_D3C7tDDQFYabkRK2VYwV9z5-rGYqbDdGM=s96-c,"[{'_id': '69e26eba112979dc0cb1b1a9', 'courseName': 'Machine Learning Basics'}]",True,SUBHAX51U,0,0,,user,[],2026-05-18T14:04:20.006Z,2026-05-24T16:35:42.664Z,,,,,,,,,,Machine Learning Basics
25,6a0b168b2c28c3214e92d5e0,Mohamed Adil,mohamed.adil2a7@gmail.com,8015270879,8015270879,SRM Institute of Science and technology Ramapuram ,Bsc ,1,,101178096762491478437,https://lh3.googleusercontent.com/a/ACg8ocIcak-lc0CzuIsW-BBF4dpP1PMJXwTLwfscyRc2a7SEc_qiXg=s96-c,"[{'_id': '69e26eba112979dc0cb1b1a9', 'courseName': 'Machine Learning Basics'}]",True,MOHAMLSVB,0,0,3f7db4f4-7681-422a-b20b-0cb7880472e9,user,[],2026-05-18T13:39:23.073Z,2026-05-24T14:48:37.132Z,,,,,,,,,,Machine Learning Basics
26,6a0b15a52c28c3214e92d5db,joshuva roshan,joshuvaroshan29@gmail.com,9361815790,9361815790,SRM ist Ramapuram ,Bsc. Aiml ,1,,107643499634638346794,https://lh3.googleusercontent.com/a/ACg8ocK9MmKfUWGvJo6uZ_b05I-iD-h069NXxZm8jSSJapBcCAqbqA=s96-c,"[{'_id': '69e26eba112979dc0cb1b1a9', 'courseName': 'Machine Learning Basics'}]",True,JOSHU8HD3,0,0,5e2a5384-6a93-48cf-b764-c8cf3389a4e8,user,[],2026-05-18T13:35:33.892Z,2026-05-24T14:48:37.110Z,,,,,,,,,,Machine Learning Basics
27,6a0b01f42c28c3214e92d4d1,Tawfeeq Siraj,tawfeeqsiraj28@gmail.com,822036840,822036840,SRM Institute Of Science And Technology,B.sc Artificial intelligence and machine learning ,1,,103640013569768916812,https://lh3.googleusercontent.com/a/ACg8ocLvBBdnnpWxs-K0XX0qc3STIqcRLh62rK35AuspAKw0s2Ykuw=s96-c,"[{'_id': '69e26eba112979dc0cb1b1a9', 'courseName': 'Machine Learning Basics'}]",True,TAWFEFDJ7,0,0,37310dd0-d79d-4feb-add8-edaa77b420ed,user,[],2026-05-18T12:11:32.118Z,2026-05-24T14:48:37.088Z,,,,,,,,,,Machine Learning Basics
29,6a0aef462c28c3214e92d412,Adhil Ashik,adhilashik24@gmail.com,6374909380,6374909380,SRMIST RAMAPURAM ,BSC AI&ML,2,,109997056156722640135,https://lh3.googleusercontent.com/a/ACg8ocI60VfB_v53b5UuzL2I2i5czqQL3DT0cNQmDjeTspf4YSnRzQ=s96-c,"[{'_id': '69e26eba112979dc0cb1b1a9', 'courseName': 'Machine Learning Basics'}]",True,ADHILSSE6,0,0,0dc8e4fc-7c84-4912-a46a-082d92f5818a,user,[],2026-05-18T10:51:50.148Z,2026-05-24T14:48:37.049Z,,,,,,,,,,Machine Learning Basics
31,6a0aec6a2c28c3214e92d3b7,Kishore J,chellakuttyoscar@gmail.com,9003248729,9003248729,Srm ist ramapuram,Bsc.AIML,1,,105699827662718802443,https://lh3.googleusercontent.com/a/ACg8ocJo2FId_t83gPDZw3KLS0pzCsqhHAeqss8KLK1pW1Xmoxt4VbAaUg=s96-c,"[{'_id': '69e26eba112979dc0cb1b1a9', 'courseName': 'Machine Learning Basics'}]",True,KISHOI0R7,0,0,97a74076-5e82-4228-bcc3-6fa1c2578391,user,[],2026-05-18T10:39:38.039Z,2026-05-24T14:48:37.028Z,,,,,,,,,,Machine Learning Basics
32,6a0ae3462c28c3214e92d332,Arunachaleswaran M,arunachaleswaran2519@gmail.com,9344401988,9344401988,SRM Institute Of Science And Technology,B.sc Artificial intelligence and machine learning ,1,,115332620538226084023,https://lh3.googleusercontent.com/a/ACg8ocLnB6H9G-tlP8FCmhOqcruVDlHZeGpSayq1gkEAVYQkp2sDwns=s96-c,"[{'_id': '69e26eba112979dc0cb1b1a9', 'courseName': 'Machine Learning Basics'}]",True,ARUNAXFMG,0,0,80c3831d-8482-49bf-8dac-b8e18a1ca985,user,[],2026-05-18T10:00:38.090Z,2026-05-24T14:48:37.007Z,,,,,,,,,,Machine Learning Basics
40,6a09d3d92c28c3214e92d159,ameerarshed,ameerarshed6@gmail.com,6383017693,6383017693,SRM University Ramapuram ,B.sc AIML ,1,,104687741923655179591,https://lh3.googleusercontent.com/a/ACg8ocJQ8m8SeIwNdGDinSrbPLqleLeq7cjWr6LenkUDHD_xYfmsoQ=s96-c,"[{'_id': '69e26eba112979dc0cb1b1a9', 'courseName': 'Machine Learning Basics'}]",True,AMEER4UB8,0,0,523a063e-0c6b-46da-bf2d-a08eefca56ba,user,[],2026-05-17T14:42:33.717Z,2026-05-24T14:48:36.946Z,,,,,,,,,,Machine Learning Basics
46,6a09a2dd2c28c3214e92cfcd,Baskar Kannan,baskarkannan2008@gmail.com,9750165792,9750165792,SRM RMP,BSC Artificial intelligence and machine learning,1,,115113624666872342518,https://lh3.googleusercontent.com/a-/ALV-UjUREGuNcOItOP0kSGwPQ1sy8UwbqDzAe0wSJSjlwPH9gQ-xeZOsSsQhSUoWVgSxnT6j7cxOHukazY0vYu3HHDrPTnDtmvn4uEzIt5igEZ6dvVj-FOAXgQFcKielzR1CHUK3QnG0KRgEmMqQW8YiKxGoe-YAtxNfo_6xx26MrwsxRLr7ag2Vh1EYvYwpMXYjRFcRmDRhfXTFzr3jrM87twlOuPCubHLqqAPkQC39aqeQvg61PNjsWzMmiR5gb3cspj9NYMxbDUXr7HPvoMGpjqXBMTJvIcB92vBwLrft6LE1NojoxNXtqMbl50PhqN0ltmmU5G6OZOgvwU44brxQh0cxzxAydfj3yINZSPWCMlYu7vc-zr53T6VABlSvQYR27rycvOrckO5Rfd-Ud-k23q0LcbUMISd8qmHCU1Q7NLixNQ738fdC8LZj48a5vVq5RTGkLT5E5f99hSAnnHuzFuzslpxa6NcG4IxY_3PBWbRf6AeaRawfJb20LisURkaeATitGWtRCsUr6IbMN4ys_DqUhngaLc61fiF62QnfMxpQVaS0cAVl6B0Qf6FGkp8mcyVk60OUpA-xEs-Ga7FfK42y5C8Kt4OOQje1sGcLtzGvMPa7fi7YuHDmnJffj2lR3LZbcSNP3Jz1Pb0unNRF62Xo7v8k3BQigru2nKL2UG0E3-B0JKyDWPCl-jWxppwsCcZHgu-PigGHabQzYUXn7Tt6Bz23Io_vOZK5ZwTxYuGYBXeXXHbQB8LD1K-FT8VSZZ7ZqIgaSd-sigFr4aTQYsR3cRbMFrUUC-8ubTKh23ZO1_s5uEunlqs18hpeoTjD66e4aNr3-RQNSSKLgiB-dbgg847O7ejOQHpIOUdletDO4azOaQYp1eUXtwBb8CutRI0L5YcyQkUPeVfKTbbdrQ5VkG_sW_XwhlsSYOHUItg8Km4IpCtfwGnD5jttpAwf1Ydx2vVNBXjQo2NKwifg-cPuLfqyI978AiBwK2X4pqswTAsvv92NcHb7i4gXp67nvHedRAI7VNIYjYC_poVCkhdVD_kASbewuU9p4fK_zIGjP5ImSsY9lA=s96-c,"[{'_id': '69e26eba112979dc0cb1b1a9', 'courseName': 'Machine Learning Basics'}]",True,BASKA2NRR,0,0,f0468302-72cd-4373-a95e-daf8e63ec1a6,user,[],2026-05-17T11:13:33.331Z,2026-05-24T14:48:36.883Z,,,,,,,,,,Machine Learning Basics
48,6a08a0a92c28c3214e92cfa3,Krithick kanth S R,krithickkanthsr@gmail.com,8807924014,8807924014,Srm institute of science and technology ramapuram ,Bsc,1,,109228035617699148426,https://lh3.googleusercontent.com/a/ACg8ocKn9C5NLtebvZXWYqOe1SeMMurK_wkjyIfZX8pyQbcFdeUvvw=s96-c,"[{'_id': '69e26eba112979dc0cb1b1a9', 'courseName': 'Machine Learning Basics'}]",True,KRITHI7LE,0,0,1284b1df-6852-4f97-ba58-112e9c652bd6,user,[],2026-05-16T16:51:53.724Z,2026-05-24T14:48:36.863Z,,,,,,,,,,Machine Learning Basics
50,6a08878f2c28c3214e92cf8e,Lepakshi Bharan,lepakshibharan12@gmail.com,7200309170,7200309170,"SRM INSTITUTE OF SCIENCE AND TECHNOLOGY, RAMAPURAM",BSC ,1,,103748483117255663777,https://lh3.googleusercontent.com/a/ACg8ocKbJcOiRVultT23Lwt49aBer7rn54POauHN7-lmSdDWgfpRug=s96-c,"[{'_id': '69e26eba112979dc0cb1b1a9', 'courseName': 'Machine Learning Basics'}]",True,LEPAKHUR9,0,0,04395d46-3e43-4022-a6b0-ecd33a142a19,user,[],2026-05-16T15:04:47.110Z,2026-05-24T14:48:36.843Z,,,,,,,,,,Machine Learning Basics
52,6a08828f2c28c3214e92cf85,Jency Cathrinn,jencycathrinn@gmail.com,+91 73585-27738,+91 73585-27738,SRM institute of science and technology ,b.sc ,1,,110018234504596277970,https://lh3.googleusercontent.com/a/ACg8ocJc2kbsJ3MHo3DdC76gdMHUqNgkmgoKUKiHNcXr5Z-m0ukJsOU=s96-c,"[{'_id': '69e26eba112979dc0cb1b1a9', 'courseName': 'Machine Learning Basics'}]",True,JENCYAKBA,0,0,824dfa18-8de8-4ea1-817a-f686e48cee77,user,[],2026-05-16T14:43:27.140Z,2026-05-24T14:48:36.823Z,,,,,,,,,,Machine Learning Basics
61,69fb9f5b2c28c3214e92ceef,Saravana Prasad .D,saravanaprasad2008@gmail.com,9360547767,9360547767,"SRM Institute of Science and Technology, Ramapuram",Bsc AI&ML,1,,116689160330271625135,https://lh3.googleusercontent.com/a/ACg8ocIQNv5DblpAvoFftLRWxi4L4_DjfJ5iQkOgS8Axy7AYEwlmliB1=s96-c,"[{'_id': '69e26eba112979dc0cb1b1a9', 'courseName': 'Machine Learning Basics'}]",True,SARAVJEHN,0,0,e2a11824-5ca6-43b9-9223-63d7d433966f,user,[],2026-05-06T20:06:51.633Z,2026-05-24T14:48:36.741Z,,,,,,,,,,Machine Learning Basics
80,69e3cce8e92f242172454a31,Yakash Karthick,karthickyakash@gmail.com,2334567896,2334567896,ktr,,,,114146025755954600330,https://lh3.googleusercontent.com/a/ACg8ocK4p67l6wUYKJ8atzVIUl0NpfBpw5wB3xwPT_xNoFIBFjsdMQ=s96-c,"[{'_id': '69e26eba112979dc0cb1b1a9', 'courseName': 'Machine Learning Basics'}]",True,YAKASJWK9,0,0,bfe97277-d8d8-479d-9765-3a731de8a102,user,"[{'courseId': '69e26eba112979dc0cb1b1a9', 'courseName': 'Machine Learning Basics', 'certificateUrl': '/uploads/certificates/cert_69e3cce8e92f242172454a31_69e26eba112979dc0cb1b1a9_1779473013215.png', 'issuedAt': '2026-05-22T18:03:33.216Z', '_id': '6a109a75cf4379aea84c777c'}]",2026-04-18T18:26:48.435Z,2026-05-24T14:48:36.681Z,,,,,,,,,,Machine Learning Basics
83,69e2fd1f2d2afb7e7c72ccb3,Saravana Bhava,saravanabhava047@gmail.com,9393,9393,,,,,104745459460961867244,https://lh3.googleusercontent.com/a/ACg8ocKASkrB8F8bHX_17VK6s7F_4B1GPL34BExrlvVAVD42OtA5Rg=s96-c,"[{'_id': '69e26eba112979dc0cb1b1a9', 'courseName': 'Machine Learning Basics'}]",True,SARAVCPKW,0,0,2758bf06-e14c-467c-932a-dbae684ae83d,user,[],2026-04-18T03:40:15.813Z,2026-05-24T14:48:36.659Z,,,,,,,,,,Machine Learning Basics
